{
  "north": 42.1716189,
  "east": -82.4579005,
  "south": 41.6765608,
  "west": -82.6742312
}
